,address,districtCode,districtName,id,name,nearbyStations,stationType,zipCode,lat,lon
0,003 - Reforma - Insurgentes,1,Ampliación Granada,3,3 REFORMA-INSURGENTES,"[8, 20, 86]","BIKE,TPV",06500,19.431655,-99.158668
1,012 - Río Lerma - Villalongin,1,Ampliación Granada,12,12 RIO LERMA-VILLALONGIN,"[11, 19, 20, 85]",BIKE,06500,19.432313,-99.161597
2,013 - Reforma - Rio Rodano,1,Ampliación Granada,13,13 REFORMA-RIO RODANO,"[7, 14, 21]","BIKE,TPV",06500,19.423778,-99.175558
3,016 - Reforma - Rio Guadalquivir,1,Ampliación Granada,16,16 REFORMA-RIO GUADALQUIVIR,"[9, 23, 24]",BIKE,06500,19.42653,-99.169164
4,017 - Reforma - Rio Tiber,1,Ampliación Granada,17,17 REFORMA-RIO TIBER,"[16, 18, 25]","BIKE,TPV",06500,19.427501,-99.167125
5,019 - Reforma - Rio Neva,1,Ampliación Granada,19,19 REFORMA-RIO NEVA,"[12, 20, 27]","BIKE,TPV",06500,19.43001,-99.161675
6,021 - Reforma - Lieja,1,Ampliación Granada,21,21 REFORMA-LIEJA,"[7, 13, 14, 28]","BIKE,TPV",06500,19.423317,-99.175124
7,036 - Puebla - Veracruz,1,Ampliación Granada,36,36 PUEBLA-VERACRUZ,"[37, 41, 44]","BIKE,TPV",06140,19.419725,-99.175778
8,047 - Glorieta Cibeles - Oaxaca,1,Ampliación Granada,47,47 GLORIETA CIBELES-OAXACA,"[42, 51, 56]","BIKE,TPV",06700,19.419515,-99.166299
9,041 - Reforma - Av. de la República,1,Ampliación Granada,41,41 REFORMA-AV. DE LA REPUBLICA,[29],"BIKE,TPV",06700,19.435637,-99.150137
10,055 - 5 de Mayo - Bolívar,1,Ampliación Granada,55,55 5 DE MAYO-BOLIVAR,"[65, 87, 88]","BIKE,TPV",06700,19.434356,-99.138064
11,057 - Cuernavaca - Juan Escutia,1,Ampliación Granada,57,57 CUERNAVACA-JUAN ESCUTIA,"[48, 49, 50, 62]",BIKE,06140,19.414903,-99.17495
12,066 - Mazatlán - Francisco Marquez,1,Ampliación Granada,66,66 MAZATLAN-FRANCISCO MARQUEZ,"[65, 72]",BIKE,06170,19.411402,-99.178666
13,074 - Nuevo León - Ozulama,1,Ampliación Granada,74,74 NUEVO LEON-OZULAMA,"[63, 68, 71]",BIKE,06100,19.410343,-99.172831
14,063 - Nuevo León - Laredo,1,Ampliación Granada,63,63 NUEVO LEON- LAREDO,"[70, 76, 77]","BIKE,TPV",06100,19.413681,-99.171531
15,070 - Parque México - Michoacan,1,Ampliación Granada,70,70 PARQUE MEXICO-MICHOACAN,"[69, 71, 76]","BIKE,TPV",06100,19.411272,-99.169718
16,088 - 2a Cerrada de 5 de Mayo - Palma,1,Ampliación Granada,88,88 2A CDA 5 DE MAYO-PALMA,"[55, 89]",BIKE,,19.433815,-99.135303
17,072 - Mazatlán - Alfonso Reyes,1,Ampliación Granada,72,72 MAZATLAN-ALFONSO REYES,"[65, 66, 75]",BIKE,06170,19.409893,-99.179544
18,086 - Sullivan-Insurgentes,1,Ampliación Granada,86,86 SULLIVAN-INSURGENTES,"[12, 20]","BIKE,TPV",06470,19.432378,-99.159077
19,110 - Dr. Valenzuela-Dr. Río de la loza,1,Ampliación Granada,110,110 DR. VALENZUELA-DR. RÍO DE LA LOZA,"[107, 108, 122]",BIKE,,19.42513,-99.14339
20,112 - Av. Morelos-Abraham González,1,Ampliación Granada,112,112 AV. MORELOS-ABRAHAM GONZALEZ,"[98, 113, 114]",BIKE,06500,19.432819,-99.151734
21,123 - Claudio Bernard-Dr. Lavista,1,Ampliación Granada,123,123 CLAUDIO BERNARD-DR. LAVISTA,"[124, 125, 133]",BIKE,06500,19.424161,-99.153117
22,102 - Echeveste-Bolivar,1,Ampliación Granada,102,102 ECHEVESTE-BOLIVAR,"[101, 104, 109]",BIKE,,19.42821,-99.13949
23,150 - Campeche-Medellín,1,Ampliación Granada,150,150 CAMPECHE-MEDELLÍN,"[146, 151, 152]",BIKE,,19.409965,-99.164292
24,154 - Tuxpan-Tlaxcala,1,Ampliación Granada,154,154 TUXPAN-TLAXCALA,"[152, 153, 157]","BIKE,TPV",,19.406683,-99.167962
25,171 - Comercio-Jose Martí,1,Ampliación Granada,171,171 COMERCIO-JOSE MARTÍ,"[167, 168, 173]",BIKE,,19.402584,-99.178199
26,173 - Minería-Jose Martí,1,Ampliación Granada,173,173 MINERÍA-JOSÉ MARTÍ,"[168, 169, 171]",BIKE,,19.401682,-99.176398
27,174 - Joaquín Garcia-Ignacio Manuel Altamirano,1,Ampliación Granada,174,174 JOAQUÍN GARCIA-IGNACIO MANUEL ALTAMIRANO,"[160, 183, 254]","BIKE,TPV",,19.44111,-99.16164
28,204 - Temistocles-Homero,1,Ampliación Granada,204,204 TEMISTOCLES-HOMERO,"[196, 200, 245]",BIKE,11510,19.435882,-99.19152
29,197 - Miguel de Cervantes Saavedra-Ferrocarril de Cuernavaca,1,Ampliación Granada,197,197 MIGUEL DE CERVANTES-FC DE CUERNAVACA,[197],"BIKE,TPV",,19.440077,-99.204316
30,227 - Campos Elíseos-Periférico,1,Ampliación Granada,227,227 CAMPOS ELÍSEOS-PERIFÉRICO,"[213, 219, 220]",BIKE,,19.431791,-99.207373
31,181 - Benjamin Franklin-Saltillo,1,Ampliación Granada,181,181 BENJAMIN FRANKLIN-SALTILLO,"[168, 169, 179]",BIKE,,19.404976,-99.175095
32,232 - Taine -  Rubén Darío,1,Ampliación Granada,232,232 TAINE-RUBEN DARÍO ,"[224, 225, 226]",BIKE,,19.42894,-99.185389
33,237 - Andrés Bello-Elliot,1,Ampliación Granada,237,237 ANDRÉS BELLO-ELLIOT ,"[193, 234, 238]","BIKE,TPV",,19.426744,-99.193986
34,238 - Andrés Bello-Elliot,1,Ampliación Granada,238,238 ANDRÉS BELLO-ELLIOT ,"[193, 234, 237]",BIKE,,19.426765,-99.193752
35,234 - Tres Picos-Arquímides,1,Ampliación Granada,234,234 TRES PICOS-ARQUÍMIDES ,"[192, 193, 231]",BIKE,,19.42783,-99.191539
36,243 - Miguel de Cervantes Saavedra-Lago Filt,1,Ampliación Granada,243,243 MIGUEL DE CERVANTES SAAVEDRA-LAGO FILT ,"[199, 242, 244]",BIKE,11510,19.440839,-99.196712
37,248 - Shakespeare-Lafayette,1,Ampliación Granada,248,248 SHAKESPEARE-LAFAYETTE ,"[246, 247, 249]",BIKE,11510,19.43175,-99.177399
38,250 - Darwin-Mariano Escobedo,1,Ampliación Granada,250,250 DARWIN-MARIANO ESCOBEDO ,"[239, 249, 252]","BIKE,TPV",11510,19.429057,-99.17966
39,253 - Dante-Tolstoi,1,Ampliación Granada,253,253 DANTE-TOLSTOI ,"[195, 252, 261]","BIKE,TPV",11510,19.425835,-99.177924
40,255-Jose Rosas Moreno-Guillermo Prieto,1,Ampliación Granada,255,255 JOSE ROSAS MORENO-GUILLERMO PRIETO ,"[160, 183, 257]",BIKE,,19.437159,-99.161808
41,259 - Tómas Alva Edison-Ponciano Arriaga,1,Ampliación Granada,259,259 TÓMAS ALVA EDISON-PONCIANO ARRIAGA ,[256],BIKE,,19.43757,-99.15468
42,264 - H. Ferrocarrileros - Jesús Garcia ,1,Ampliación Granada,264,264 HÉROES FERROCARRILEROS-AV. CENTRAL,"[265, 266, 268]",BIKE,,19.440985,-99.152935
43,265 - Jesús Garcia-Héroes Ferrocarrileros,1,Ampliación Granada,265,265 HÉROES FERROCARRILEROS-JESÚS GARCIA,"[264, 275]","BIKE,TPV",,19.440839,-99.152265
44,273 Luis Donaldo Colosio - Av. Jesus Garcia,1,Ampliación Granada,273,273 LUIS DONALDO COLOSIO-AV. CENTRAL,"[176, 268, 274]",BIKE,,19.442707,-99.152956
45,277 - Ampliación Tonalá-Obrero Mundial,1,Ampliación Granada,277,277 AMPLIACIÓN TONALÁ-OBRERO MUNDIAL,"[165, 276, 280]",BIKE,3020,19.401807,-99.15909
46,278 - Mier Y Pesado-Obrero Mundial,1,Ampliación Granada,278,278 MIER Y PESADO-OBRERO MUNDIAL,"[164, 279, 282]",BIKE,3103,19.40071,-99.163831
47,271 Av. Jesús García - J. Meneses,1,Ampliación Granada,271,271 AV. CENTRAL-J. MENESES ,"[266, 267, 272]",BIKE,,19.442689,-99.152465
48,283 - Av. Coyoacán-Rafael Donde,1,Ampliación Granada,283,283 AV. COYOACÁN-RAFAEL DONDE,"[279, 292, 293]",BIKE,3103,19.39827,-99.167383
49,288 - 11 De Abril-Avenida 2,1,Ampliación Granada,288,288 11 DE ABRIL-AVENIDA 2,"[287, 310, 311]",BIKE,3800,19.396333,-99.183575
50,305 - Avenida Del Parque-Arizona,1,Ampliación Granada,305,305 AVENIDA DEL PARQUE-ARIZONA,"[304, 306, 307]","BIKE,TPV",3810,19.394693,-99.175531
51,308 - Nueva York-Arizona,1,Ampliación Granada,308,308 NUEVA YORK-ARIZONA,"[306, 307, 309]",BIKE,3810,19.393594,-99.178072
52,310 - Calle 1-Av. Patriotismo,1,Ampliación Granada,310,310 CALLE 1-AV. PATRIOTISMO,"[309, 311, 312]",BIKE,3800,19.395319,-99.181733
53,311 - Calle 5-Avenida Revolución,1,Ampliación Granada,311,311 CALLE 5-AVENIDA REVOLUCIÓN,"[310, 312, 328]",BIKE,3800,19.393665,-99.185391
54,313 - Pennsylvania-Oklahoma,1,Ampliación Granada,313,313 PENNSYLVANIA-OKLAHOMA,"[308, 309, 314]",BIKE,3810,19.391431,-99.178989
55,321 - Torres Adalid-Anaxágoras,1,Ampliación Granada,321,321 TORRES ADALID-ANAXÁGORAS,"[320, 322, 340]",BIKE,3020,19.389477,-99.157513
56,322 - Heriberto Frías-Concepción Beistegui,1,Ampliación Granada,322,322 HERIBERTO FRÍAS-CONCEPCIÓN BEISTEGUI,"[321, 323, 339]",BIKE,3020,19.388528,-99.160616
57,325 - Providencia -Avenida Del Valle,1,Ampliación Granada,325,325 PROVIDENCIA -AVENIDA DEL VALLE,"[316, 335, 336]",BIKE,3100,19.3881779,-99.1696894
58,347 - Pennsylvania-Maximino Avila Camacho,1,Ampliación Granada,347,347 PENNSYLVANIA-MAXIMINO AVILA CAMACHO,"[334, 346, 348]","BIKE,TPV",3710,19.384378,-99.176097
59,350 - Jose Clemente Orozco-Correggio,1,Ampliación Granada,350,350 JOSE CLEMENTE OROZCO-CORREGGIO,"[349, 352]",BIKE,3710,19.384062,-99.181482
60,356 - Matias Romero -Adolfo Prieto,1,Ampliación Granada,356,356 MATIAS ROMERO -ADOLFO PRIETO,"[355, 357, 372]",BIKE,3100,19.381292,-99.170171
61,361 - Porfirio Díaz-Av. Insurgentes,1,Ampliación Granada,361,361 PORFIRIO DÍAZ-AV. INSURGENTES,"[354, 369, 370]",BIKE,3100,19.3804457,-99.1762233
62,368 - Porfirio Díaz-Cincinatti,1,Ampliación Granada,368,368 PORFIRIO DÍAZ-CINCINATTI ,"[366, 367, 369]",BIKE,3740,19.379246,-99.179344
63,369 - Porfirio Díaz-Av. Insurgentes,1,Ampliación Granada,369,369 PORFIRIO DÍAZ-AV. INSURGENTES,"[367, 368]","BIKE,TPV",3740,19.379884,-99.177478
64,372 - Dr. Roberto Gayol-Tlacoquemecatl,1,Ampliación Granada,372,372 DR. ROBERTO GAYOL-TLACOQUEMECATL,"[373, 378, 379]","BIKE,TPV",3104,19.37797,-99.170289
65,379 - Dr. Roberto Gayol-Miguel Laurent,1,Ampliación Granada,379,379 DR. ROBERTO GAYOL-MIGUEL LAURENT,"[378, 380, 395]",BIKE,3104,19.375751,-99.17084
66,402 - Uxmal-Municipio Libre,1,Ampliación Granada,402,402 UXMAL-MUNICIPIO LIBRE,"[401, 403, 405]","BIKE,TPV",3310,19.3709452,-99.1587223
67,416 - Recreo-Parroquía,1,Ampliación Granada,416,416 RECREO-PARROQUÍA,"[390, 391, 415]",BIKE,3104,19.371308,-99.177607
68,437 - Moras-Comunal,1,Ampliación Granada,437,437 MORAS-COMUNAL,"[423, 436, 438]",BIKE,3240,19.36480833,-99.17602222
69,438 - Adolfo Prieto-José María Olloqui,1,Ampliación Granada,438,438 ADOLFO PRIETO-JOSÉ MARÍA OLLOQUI,"[434, 435, 437]",BIKE,3240,19.36479722,-99.17458333
70,443 - Bruno Trave-Avenida México-Coyoacan,1,Ampliación Granada,443,443 BRUNO TRAVEN-GOLONDRINAS,"[432, 442, 444]",BIKE,3340,19.359655,-99.162025
71,440 - Real De Mayorazgo-Puente Xoco,1,Ampliación Granada,440,440 REAL DE MAYORAZGO-PUENTE XOCO,"[433, 439, 441]",BIKE,3330,19.36065,-99.168669
72,251 - Goethe-Darwin,2,Anzures,251,251 GOETHE-DARWIN ,"[248, 249, 252]",BIKE,11510,19.429261,-99.17538
73,252 - Víctor Hugo-Shakespeare,2,Anzures,252,252 VICTOR HUGO-SHAKESPEARE ,"[249, 251, 253]",BIKE,11510,19.427575,-99.17702
74,249 - Shakespeare-Darwin,2,Anzures,249,249 SHAKESPEARE-DARWIN ,"[248, 250, 251]",BIKE,11510,19.429877,-99.177569
75,246 - Leibnitz-Thiers,2,Anzures,246,246 LEIBNITZ-THIERS,"[207, 247, 248]",BIKE,11510,19.434147,-99.179835
76,247 - Herschel-Rousseau,2,Anzures,247,247 HERSCHEL-ROUSSEAU ,"[226, 239, 246]",BIKE,11510,19.432102,-99.180565
77,436 - Rodriguez Saro-Bufallo,ACA,Acacias,436,436 RODRIGUEZ SARO-BUFALLO,"[422, 423, 437]",BIKE,3240,19.366217,-99.177819
78,439 - Amores-Avenida Coyoacán,ACA,Acacias,439,439 AMORES-AVENIDA COYOACÁN,"[433, 434, 438]",BIKE,3240,19.36218889,-99.17246667
79,423 - Moras-José María Rico (Eje 8),ACA,Acacias,423,423 MORAS-JOSÉ MARÍA RICO (EJE 8),"[422, 436, 437]",BIKE,3240,19.367631,-99.175342
80,435 - Rodriguez Saro-Avenida Coyoacán,ACT,Actipan,435,435 RODRIGUEZ SARO-AVENIDA COYOACÁN,"[433, 434, 438]",BIKE,3230,19.365154,-99.172906
81,420 - María Luz Bringas-Oso,ACT,Actipan,420,420 MARÍA LUZ BRINGAS-OSO,"[418, 419, 421]",BIKE,3230,19.369723,-99.17964
82,421 - María Luz Bringas-Oso,ACT,Actipan,421,421 MARÍA LUZ BRINGAS-OSO,"[419, 420, 422]",BIKE,3230,19.369467,-99.179401
83,422 - Bufalo-José María Rico (Eje 8),ACT,Actipan,422,422 BUFALO-JOSÉ MARÍA RICO (EJE 8),"[421, 423, 436]",BIKE,3230,19.368356,-99.177487
84,349 - Augusto Rodin-Avenida San Antonio,AMN,Ampliación Nápoles,349,349 AUGUSTO RODIN-AVENIDA SAN ANTONIO,"[332, 348, 350]",BIKE,3840,19.385688,-99.180857
85,334 - Nuerva York-Av. Insurgentes,AMN,Ampliación Nápoles,334,334 NUEVA YORK-AV. INSURGENTES,"[326, 335, 346]",BIKE,3840,19.386568,-99.175089
86,326 - Eugenia-Nebraska,AMN,Ampliación Nápoles,326,326 EUGENIA-NEBRASKA,"[327, 334, 335]",BIKE,3840,19.388978,-99.174811
87,266 - Av. Jesús Garcia -  Carlos J. Meneses,BUE,Buenavista,266,266 AV. JESÚS GARCIA-CARLOS J. MENESES ,"[267, 268, 269]","BIKE,TPV",,19.444031,-99.152187
88,267 - Carlos J. Meneses - Av. jesús García,BUE,Buenavista,267,267 AV. JESÜS GARCÏA-CARLOS J. MENESES,"[176, 266, 271]",BIKE,,19.443735,-99.152203
89,268 Luis Donaldo Colosio - Av. Jesus Garcia,BUE,Buenavista,268,268 LUIS DONALDO COLOSIO-AV.JESÚS GARCÍA ,"[176, 269, 273]",BIKE,,19.442448,-99.151586
90,269 Luis Donaldo Colosio - Aldama,BUE,Buenavista,269,269 LUIS DONALDO COLOSIO-ALDAMA ,"[176, 268, 273]",BIKE,,19.442467,-99.151658
91,271 Av. Jesus Garcia - J. Meneses,BUE,Buenavista,272,272 AV. CENTRAL-J. MENESES ,"[266, 267, 271]",BIKE,,19.443467,-99.152491
92,274 Luis Donaldo Colosio - Av. Insurgentes Norte,BUE,Buenavista,274,274 LUIS DONALDO COLOSIO-AV INSURGENTES NORTE ,"[176, 268, 273]",BIKE,,19.442772,-99.153289
93,275 Héroes Ferrocarrileros - Av. Jesús García,BUE,Buenavista,275,275 HÉROES FERROCARRILEROS-AV. INSURGENTES NORTE,"[264, 265]",BIKE,,19.441062,-99.153164
94,176-LUIS DONALDO COLOSIO - AV. JESÜS GARCÏA,BUE,Buenavista,176,176 AV. JESÜS GARCÏA-LUIS DONALDO COLOSIO,"[266, 267, 272]",BIKE,,19.442689,-99.152286
95,348 - Indiana-Avenida San Antonio,CDD,Ciudad de los Deportes,348,348 INDIANA-AVENIDA SAN ANTONIO,"[347, 349, 350]",BIKE,3710,19.385365,-99.178216
96,362 - Augusto Rodin-Alberto Balderas,CDD,Ciudad de los Deportes,362,362 AUGUSTO RODIN-ALBERTO BALDERAS,"[367, 368]",BIKE,3710,19.382207,-99.181043
97,363 - Holbein-Paulo Ucello,CDD,Ciudad de los Deportes,363,363 HOLBEIN-PAULO UCELLO,"[362, 365, 367]",BIKE,3710,19.380813,-99.183851
98,353 - Carolina-Holbein,CDD,Ciudad de los Deportes,353,353 CAROLINA-HOLBEIN,"[354, 361, 362]","BIKE,TPV",3710,19.382168,-99.178808
99,260 - Av. Juárez-Balderas,CEN,Centro,260,260 AV JUAREZ-BALDERAS ,"[29, 41, 43]",BIKE,,19.435354,-99.147742
100,262 - Republica de Cuba-Republica de Brasil,CEN,Centro,262,262 REPUBLICA DE CUBA-REPUBLICA DE BRASIL ,"[91, 92, 93]","BIKE,TPV",,19.43693,-99.13395
101,065 - Marconi - Tacuba,CEN,Centro,65,65 MARCONI-TACUBA,"[52, 55]","BIKE,TPV",06170,19.436142,-99.139906
102,087 - Gante - Venustiano Carranza,CEN,Centro,87,87 GANTE-VENUSTIANO CARRANZA,"[88, 95, 96]","BIKE,TPV",,19.43182,-99.13974
103,105 - San Jerónimo-5 de Febrero,CEN,Centro,105,105 SAN JERONIMO-5 DE FEBRERO,"[101, 104, 106]",BIKE,06500,19.426755,-99.135014
104,106 - San Jerónimo-José María Pino Suarez,CEN,Centro,106,106 SAN JERONIMO-JOSE MARIA PINO SUAREZ,"[100, 101, 105]",BIKE,06500,19.42649,-99.133537
105,107 - Tolsa-Balderas,CEN,Centro,107,107 TOLSA-BALDERAS,"[98, 108, 122]",BIKE,06500,19.427329,-99.149971
106,108 - Tolsa-Balderas,CEN,Centro,108,108 TOLSA-BALDERAS,"[98, 107, 122]","BIKE,TPV",06500,19.427305,-99.149533
107,109 - Nezahualcóyotl-Isabel la Católica,CEN,Centro,109,109 NEZAHUALCOYOTL-ISABEL LA CATOLICA,"[104, 105, 106]",BIKE,06500,19.425311,-99.137421
108,089 - República de Guatemala - Monte de Piedad,CEN,Centro,89,89 REPUBLICA DE GUATEMALA-MONTE DE PIEDAD,"[88, 90]","BIKE,TPV",,19.434946,-99.133989
109,090 - José María Pino Suárez - Corregidora,CEN,Centro,90,90 JOSE MARIA PINO SUAREZ-CORREGIDORA,"[88, 89]","BIKE,TPV",,19.431698,-99.132446
110,091 - Republica de Cuba-Allende,CEN,Centro,91,91 REPUBLICA DE CUBA-ALLENDE,"[90, 92, 93]",BIKE,06500,19.4374,-99.137571
111,092 - San Ildefonso-República de Argentina,CEN,Centro,92,92 SAN ILDEFONSO-REPUBLICA DE ARGENTINA,"[90, 91, 93]",BIKE,06500,19.436531,-99.131497
112,093 - Palma Norte-Republica de Cuba,CEN,Centro,93,93 PALMA NORTE-REPUBLICA DE CUBA,"[90, 91, 92]",BIKE,06500,19.436741,-99.134811
113,94 - Lic. Verdad-Moneda,CEN,Centro,94,94 LIC. VERDAD-MONEDA,[94],BIKE,,19.433766,-99.130918
114,095 - 20 de Noviembre-Venustiano Carranza,CEN,Centro,95,95 20 DE NOVIEMBRE-VENUSTIANO CARRANZA,"[93, 96, 97]",BIKE,06500,19.430722,-99.133698
115,096 - López-Ayuntamiento,CEN,Centro,96,96 LOPEZ-AYUNTAMIENTO,[98],BIKE,06500,19.430625,-99.14248
116,097 - Republica de Salvador-Pino Suarez,CEN,Centro,97,97 REPUBLICA DE SALVADOR-PINO SUAREZ,"[90, 100]","BIKE,TPV",06500,19.429189,-99.132759
117,098 - Emilio Dondé-Av. Balderas,CEN,Centro,98,98 EMILIO DONDE-AV. BALDERAS,"[107, 108]",BIKE,06500,19.430267,-99.14861
118,99 - Ernesto Pugibet-Luis Moya,CEN,Centro,99,99 ERNESTO PUGIBET-LUIS MOYA,"[96, 98, 122]",BIKE,,19.42995,-99.14591
119,100 - 20 de Noviembre-Mesones,CEN,Centro,100,100 20 DE NOVIEMBRE-MESONES,"[95, 97, 101]",BIKE,06500,19.428485,-99.1338
120,1ER. CALLEJÓN DE MESONES - MESONES,CEN,Centro,101,101 1ER. CALLEJÓN DE MESONES-MESONES,"[100, 104, 105]",BIKE,,19.428366,-99.135895
121,082 - Independencia - Marroquí,CEN,Centro,82,82 INDEPENDENCIA-MARROQUI,"[43, 48]","BIKE,TPV",06100,19.433115,-99.143686
122,052 - Dolores - Juárez,CEN,Centro,52,52 HIDALGO-TRUJANO,[43],"BIKE,TPV",06140,19.436236,-99.142039
123,048 - Independencia - Azueta,CEN,Centro,48,48 INDEPENDENCIA-AZUETA,"[43, 82]",BIKE,06700,19.433686,-99.146557
124,043 - Revillagigedo - Juárez,CEN,Centro,43,43 JUAREZ-REVILLAGIGEDO,"[52, 82]","BIKE,TPV",06700,19.435228,-99.146063
125,029 - Reforma - Bucareli,CEN,Centro,29,29 REFORMA-BUCARELI,[41],"BIKE,TPV",06500,19.434913,-99.149939
126,192 - Rubén Darío-Reforma,CHA,Bosque de Chapultepec,192,192 RUBEN DARIO-REFORMA,"[193, 234, 238]","BIKE,TPV",11510,19.42592,-99.190755
127,193 - Rubén Darío.Reforma,CHA,Bosque de Chapultepec,193,193 RUBEN DARIO-REFORMA,"[192, 234, 238]",BIKE,11510,19.425907,-99.190733
128,194 - Av. Paseo de la Reforma-Circuito Mahatma Gandhi,CHA,Bosque de Chapultepec,194,194 CTO MAHATMA GANDHI-AV. PASEO DE LA REFORMA,"[195, 253, 261]","BIKE,TPV",11510,19.424282,-99.180334
129,195 - Circuito Mahatma Gandhi-Av. Paseo de la Reforma,CHA,Bosque de Chapultepec,195,195 AV. PASEO DE LA REFORMA-CTO MAHATMA GANDHI,"[194, 253, 261]","BIKE,TPV",,19.424926,-99.185147
130,258 - Circuito Interior-Juan Escutia,CON,Condesa,258,258 CIRCUITO INTERIOR-JUAN ESCUTIA ,"[36, 49, 53]",BIKE,,19.4167,-99.1791
131,049 - Mazatlán - Juan de la Barrera,CON,Condesa,49,49 MAZATLAN-JUAN DE LA BARRERA,"[41, 44, 50, 60]",BIKE,06140,19.416712,-99.175704
132,050 - Cuernavaca - Veracruz,CON,Condesa,50,50 CUERNAVACA-VERACRUZ,"[44, 49, 57, 58]",BIKE,06140,19.416938,-99.173648
133,053 - Fernando Montes de Oca - Tula,CON,Condesa,53,53 FERNANDO MONTES DE OCA-TULA,"[52, 60, 65, 66]",BIKE,06140,19.414773,-99.178433
134,054 - Parque España - Sonora,CON,Condesa,54,54 PARQUE ESPAÑA-SONORA,"[50, 51, 58, 63]","BIKE,TPV",06700,19.416215,-99.170825
135,058 - Parque España - Juan de la Barrera,CON,Condesa,58,58 PARQUE ESPAÑA-JUAN DE LA BARRERA,"[50, 54, 61, 63]",BIKE,06140,19.41568,-99.171793
136,067 - Vicente Suárez - Michoacan,CON,Condesa,67,67 VICENTE SUAREZ-MICHOACAN,"[62, 66, 68]",BIKE,06170,19.411797,-99.17588
137,068 - Tamaulipas - Michoacan,CON,Condesa,68,68 TAMAULIPAS-MICHOACAN,"[67, 71, 74]","BIKE,TPV",06170,19.411556,-99.17406
138,060 - Mazatlán - Fernando Montes de Oca,CON,Condesa,60,60 MAZATLAN-FERNANDO MONTES DE OCA,"[23, 52, 62, 66]",BIKE,06140,19.414191,-99.177123
139,062 - Fernando Montes de Oca - Amatlan,CON,Condesa,62,62 FERNANDO MONTES DE OCA-AMATLAN,"[67, 71, 74]",BIKE,06140,19.413322,-99.175202
140,011 - Río Amazonas - Rio Lerma,CUA,Cuauhtémoc,11,11 RIO AMAZONAS-RIO LERMA,"[3, 12, 19]",BIKE,06500,19.430992,-99.163593
141,020 - Reforma- Rio Tamesis,CUA,Cuauhtémoc,20,20 REFORMA-RIO TAMESIS,"[12, 19, 27]",BIKE,06500,19.430964,-99.160206
142,018 - Reforma - Rio Sena,CUA,Cuauhtémoc,18,18 REFORMA-RIO SENA,"[17, 25]","BIKE,TPV",06500,19.42836,-99.165543
143,014 - Reforma - Rio de Plata,CUA,Cuauhtémoc,14,14 REFORMA-RIO DE PLATA,"[13, 21, 22, 28]",BIKE,06500,19.424768,-99.173261
144,015 - Reforma - Rio Mississippi,CUA,Cuauhtémoc,15,15 REFORMA-RIO MISSISSIPPI,"[14, 16, 22, 23]","BIKE,TPV",06500,19.425477,-99.171567
145,004 - Río Nilo - Río Panuco,CUA,Cuauhtémoc,4,4 RIO NILO-RIO PANUCO,"[5, 8, 9, 10]",BIKE,06500,19.428309,-99.171713
146,005 - Río Pánuco Río Tiber,CUA,Cuauhtémoc,5,5 RIO PANUCO-RIO TIBER,"[2, 4, 9, 10]",BIKE,06500,19.42972,-99.169363
147,006 - Río Pánuco - Río Sena,CUA,Cuauhtémoc,6,6 RIO PANUCO-RIO SENA,"[1, 3, 5, 10]",BIKE,06500,19.430922,-99.166959
148,007 - Río Elba - Río Lerma,CUA,Cuauhtémoc,7,7 RIO ELBA-RIO LERMA,"[13, 14, 21, 28]",BIKE,06500,19.425468,-99.175166
149,001 - Río Balsas-Río Sena,CUA,Cuauhtémoc,1,1 RIO BALSAS-RIO SENA,"[2, 3, 85]","BIKE,TPV",06500,19.433296,-99.168051
150,002 - Río Guadalquivir - Río Balsas,CUA,Cuauhtémoc,2,2 RIO GUADALQUIVIR-RIO BALSAS,"[1, 5]",BIKE,06500,19.431386,-99.171695
151,009 - Río Guadalquivir - Río Lerma,CUA,Cuauhtémoc,9,9 RIO GUADALQUIVIR-RIO LERMA,"[4, 5, 8, 16]",BIKE,06500,19.428009,-99.169918
152,104 - San Jerónimo-Isabel la Católica,CUA,Cuauhtémoc,104,104 SAN JERONIMO-ISABEL LA CATOLICA,"[101, 105, 109]","BIKE,TPV",06500,19.427059,-99.137116
153,261 Paseo de la Reforma-Río Ródano,CUA,Cuauhtémoc,261,261 PASEO DE LA REFORMA-RÍO RÓDANO ,"[195, 252, 253]",BIKE,,19.423704,-99.175196
154,122 - José María Vértiz-Av. Dr. Río de la Loza,DOC,Doctores,122,122 JOSE MARIA VERTIZ-AV.DR. RIO DE LA LOZA,"[99, 108, 110]",BIKE,06500,19.425502,-99.146337
155,124 - Claudio Bernard-Dr. Liceaga,DOC,Doctores,124,124 CLAUDIO BERNARD-DR. LICEAGA,"[119, 123, 133]",BIKE,06500,19.422392,-99.150358
156,324 - Amores-Avenida Eugenia,DVC,Del Valle Centro,324,324 AMORES-AVENIDA EUGENIA,"[323, 336, 337]",BIKE,3100,19.3872468,-99.1656554
157,357 - Matias Romero -Amores,DVC,Del Valle Centro,357,357 MATIAS ROMERO -AMORES,"[356, 358, 373]",BIKE,3100,19.380598,-99.1669248
158,358 - Nicolas San Juan-Matias Romero,DVC,Del Valle Centro,358,358 NICOLAS SAN JUAN-MATIAS ROMERO ,"[357, 360, 373]",BIKE,3100,19.380168,-99.164222
159,359 - Matias Romero -Pestallozzi,DVC,Del Valle Centro,359,359 MATIAS ROMERO -PESTALLOZZI,"[342, 360, 374]","BIKE,TPV",3100,19.379269,-99.161169
160,360 - Heriberto Frías-Matias Romero,DVC,Del Valle Centro,360,360 HERIBERTO FRÍAS-MATIAS ROMERO,"[358, 359, 374]",BIKE,3100,19.3790279,-99.1628259
161,343 - Enrique Rébsamen-División Del Norte,DVC,Del Valle Centro,343,343 ENRIQUE RÉBSAMEN-DIVISIÓN DEL NORTE,"[338, 341, 344]",BIKE,3100,19.384099,-99.160826
162,344 - Heriberto Frías-Angel Urraza Eje 6 Sur,DVC,Del Valle Centro,344,344 HERIBERTO FRÍAS-ANGEL URRAZA EJE 6 SUR,"[338, 343, 358]",BIKE,3100,19.382107,-99.162243
163,335 - Magdalena-Ameyalco,DVC,Del Valle Centro,335,335 MAGDALENA-AMEYALCO,"[326, 334, 346]",BIKE,3100,19.387003,-99.173504
164,336 - San Borja-Cda. Bartoloche,DVC,Del Valle Centro,336,336 SAN BORJA-CDA. BARTOLOCHE,"[325, 337, 345]",BIKE,3100,19.385531,-99.169673
165,337 - San Borja-Martín Menlalde,DVC,Del Valle Centro,337,337 SAN BORJA-MARTÍN MENLALDE,"[324, 336, 338]","BIKE,TPV",3100,19.384849,-99.16704
166,338 - Nicolas San Juan-San Borja,DVC,Del Valle Centro,338,338 NICOLAS SAN JUAN-SAN BORJA,"[324, 336, 337]",BIKE,3100,19.384249,-99.163273
167,373 - Pilares-Gabriel Mancera,DVC,Del Valle Centro,373,373 PILARES-GABRIEL MANCERA,"[357, 372, 378]",BIKE,3100,19.377968,-99.166663
168,374 - Anaxágoras-Pilares,DVC,Del Valle Centro,374,374 ANAXÁGORAS-PILARES,"[359, 375, 376]","BIKE,TPV",3100,19.376964,-99.161116
169,282 - La Morena-Eje 2 Poniente Gabriel Mancera,DVN,Del Valle Norte,282,282 LA MORENA-EJE 2 PONIENTE GABRIEL MANCERA,"[278, 293, 294]",BIKE,3103,19.398692,-99.161273
170,323 - Concepción Beistegui-Gabriel Mancera,DVN,Del Valle Norte,323,323 CONCEPCIÓN BEISTEGUI-GABRIEL MANCERA,"[319, 322, 324]",BIKE,3103,19.389026,-99.163403
171,316 - San Francisco-Concepción Beistegui,DVN,Del Valle Norte,316,316 SAN FRANCISCO-CONCEPCIÓN BEISTEGUI,"[301, 302, 315]",BIKE,3103,19.391056,-99.1712
172,317 - Avenida Coyoacán-Torres Adalid,DVN,Del Valle Norte,317,317 AVENIDA COYOACÁN-TORRES ADALID,"[299, 300, 318]","BIKE,TPV",3103,19.391456,-99.166157
173,318 - Luz Saviñón-Amores,DVN,Del Valle Norte,318,318 LUZ SAVIÑÓN-AMORES,"[299, 317, 319]",BIKE,3103,19.392249,-99.164127
174,319 - Diagonal San Antonio-Luz Saviñon,DVN,Del Valle Norte,319,319 DIAGONAL SAN ANTONIO-LUZ SAVIÑON,"[298, 318, 320]",BIKE,3103,19.391991,-99.162684
175,291 - Magdalena-División Del Norte,DVN,Del Valle Norte,291,291 MAGDALENA-DIVISIÓN DEL NORTE,"[283, 284, 290]",BIKE,3103,19.397651,-99.169946
176,292 - Adolfo Prieto-Eje 4 Sur Xola,DVN,Del Valle Norte,292,292 ADOLFO PRIETO-EJE 4 SUR XOLA,"[283, 293, 299]",BIKE,3103,19.396917,-99.166264
177,293 - Mier Y Pesado-Eje 4 Sur Xola,DVN,Del Valle Norte,293,293 MIER Y PESADO-EJE 4 SUR XOLA,"[283, 292, 294]","BIKE,TPV",3103,19.397373,-99.164598
178,298 - Romero De Terreros-Gabriel Mancera,DVN,Del Valle Norte,298,298 ROMERO DE TERREROS-GABRIEL MANCERA,"[294, 318, 319]",BIKE,3103,19.394073,-99.16214
179,299 - Romero De Terreros-Mier Y Pesado,DVN,Del Valle Norte,299,299 ROMERO DE TERREROS-MIER Y PESADO,"[292, 298, 318]",BIKE,3103,19.394601,-99.165054
180,300 - Providencia -Luz Saviñon,DVN,Del Valle Norte,300,300 PROVIDENCIA -LUZ SAVIÑON,"[301, 302, 317]",BIKE,3103,19.393268,-99.168333
181,301 - Luz Saviñón-Magdalena,DVN,Del Valle Norte,301,301 LUZ SAVIÑÓN-MAGDALENA,"[300, 302, 316]",BIKE,3103,19.393807,-99.171133
182,302 - Luz Saviñon-Magdalena,DVN,Del Valle Norte,302,302 LUZ SAVIÑON-MAGDALENA,"[301, 303, 304]",BIKE,3103,19.393832,-99.171466
183,279 - La Morena-Providencia,DVN,Del Valle Norte,279,279 LA MORENA-PROVIDENCIA,"[164, 278, 282]",BIKE,3103,19.399908,-99.166553
184,377 - Heriberto Frías-Miguel Laurent,DVS,Del Valle Sur,377,377 HERIBERTO FRÍAS-MIGUEL LAURENT,"[373, 376, 400]",BIKE,3104,19.375394,-99.16375
185,378 - Miguel Laurent-Amores,DVS,Del Valle Sur,378,378 MIGUEL LAURENT-AMORES,"[372, 373, 379]",BIKE,3104,19.375823,-99.168076
186,390 - Oso-Felix Cuevas,DVS,Del Valle Sur,390,390 OSO-FELIX CUEVAS,"[389, 391, 416]","BIKE,TPV",3104,19.373228,-99.17826
187,391 - Oso-Felix Cuevas,DVS,Del Valle Sur,391,391 OSO-FELIX CUEVAS,"[389, 390, 416]",BIKE,3104,19.373142,-99.178283
188,394 - Dr. Roberto Gayol-Felix Cuevas,DVS,Del Valle Sur,394,394 DR. ROBERTO GAYOL-FELIX CUEVAS,"[393, 395, 396]",BIKE,3104,19.372437,-99.171592
189,395 - San Lorenzo-Callejón Martín Menlalde,DVS,Del Valle Sur,395,395 SAN LORENZO-CALLEJÓN MARTÍN MENLALDE,"[379, 394, 396]",BIKE,3104,19.373742,-99.169814
190,396 - Martín Menlalde-Felix Cuevas,DVS,Del Valle Sur,396,396 MARTÍN MENLALDE-FELIX CUEVAS,"[394, 395, 413]",BIKE,3104,19.371554,-99.170187
191,397 - San Lorenzo-Gabriel Mancera,DVS,Del Valle Sur,397,397 SAN LORENZO-GABRIEL MANCERA,"[398, 399, 400]",BIKE,3104,19.373194,-99.167247
192,398 - Sanchez Azcona-Felix Cuevas,DVS,Del Valle Sur,398,398 SANCHEZ AZCONA-FELIX CUEVAS,"[397, 399, 400]",BIKE,3104,19.37103,-99.16566
193,399 - Heriberto Frías-San Lorenzo,DVS,Del Valle Sur,399,399 HERIBERTO FRÍAS-SAN LORENZO,"[397, 398, 400]",BIKE,3104,19.372407,-99.164519
194,400 - San Lorenzo-Heriberto Frias,DVS,Del Valle Sur,400,400 SAN LORENZO-HERIBERTO FRIAS,"[397, 398, 399]",BIKE,3104,19.3726458,-99.1642743
195,433 - Jose María Olloqui-Lopéz Costilla,DVS,Del Valle Sur,433,433 JOSE MARÍA OLLOQUI-LOPÉZ COSTILLA,"[434, 435, 439]",BIKE,3104,19.363558,-99.170819
196,434 - Jose María Olloqui-Amores,DVS,Del Valle Sur,434,434 JOSE MARÍA OLLOQUI-AMORES,"[433, 435, 439]","BIKE,TPV",3104,19.363776,-99.171498
197,424 - Amores-José María Rico (Eje 8),DVS,Del Valle Sur,424,424 AMORES-JOSÉ MARÍA RICO (EJE 8),"[413, 425, 435]",BIKE,3104,19.367208,-99.170531
198,425 - Nicolas San Juan-Avenida Universidad,DVS,Del Valle Sur,425,425 NICOLAS SAN JUAN-AVENIDA UNIVERSIDAD,"[411, 412, 426]",BIKE,3104,19.367087,-99.16741
199,413 - Parroquia-Avenida Coyoacán,DVS,Del Valle Sur,413,413 PARROQUIA-AVENIDA COYOACÁN,"[396, 414, 424]",BIKE,3104,19.369782,-99.171906
200,414 - Parroquia-José Ignacio Bartolache,DVS,Del Valle Sur,414,414 PARROQUIA-JOSÉ IGNACIO BARTOLACHE,"[413, 415, 423]",BIKE,3104,19.370187,-99.173712
201,415 - San Francisco-Parroquía,DVS,Del Valle Sur,415,415 SAN FRANCISCO-PARROQUÍA,"[391, 414, 416]",BIKE,3104,19.371498,-99.17602
202,285 - 12 De Octubre-Mineria,ESC,Escandón,285,285 12 DE OCTUBRE-MINERIA,"[171, 173, 286]",BIKE,11800,19.399688,-99.177524
203,286 - 13 De Septiembre-Avenida Patriotismo,ESC,Escandón,286,286 13 DE SEPTIEMBRE-AVENIDA PATRIOTISMO,"[171, 285, 287]",BIKE,11800,19.399201,-99.179943
204,287 - 13 De Septiembre-Puente De La Morena,ESC,Escandón,287,287 13 DE SEPTIEMBRE-PUENTE DE LA MORENA,"[286, 288, 311]",BIKE,11800,19.398946,-99.183254
205,175 - Mutualismo-José Martí,ESC,Escandón,175,175 MUTUALISMO-JOSÉ MARTí,"[169, 179, 182]",BIKE,,19.400806,-99.172645
206,172 - General Francisco Murguia-Jose Martí,ESC,Escandón,172,172 GENERAL FRANCISCO MURGUIA-JOSE MARTÍ,"[167, 170, 171]",BIKE,,19.403365,-99.181553
207,166 - Progreso-Cda. Antonio Maceo,ESC,Escandón,166,166 PROGRESO-CDA. ANTONIO MACEO,"[170, 172, 181]",BIKE,,19.406069,-99.183549
208,167 - General Salvador Alvarado-Progreso,ESC,Escandón,167,167 GENERAL SALVADOR ALVARADO-PROGRESO,"[168, 172, 178]",BIKE,,19.404651,-99.179375
209,168 - Comercio-Progreso,ESC,Escandón,168,168 COMERCIO-PROGRESO,"[167, 169, 173]","BIKE,TPV",,19.403997,-99.1776
210,169 - Prosperidad-Progreso,ESC,Escandón,169,169 PROSPERIDAD-PROGRESO,"[168, 170, 175]",BIKE,,19.403019,-99.174934
211,170 - Observatorio Oriente-Revolución,ESC,Escandón,170,170 OBSERVATORIO ORIENTE-REVOLUCIÓN,"[166, 167, 172]",BIKE,,19.404029,-99.184342
212,383 - Luis Caracci-2da. Luis Caracci,EXI,Extremadura Insurgentes,383,383 LUIS CARACCI-2DA. LUIS CARACCI,"[366, 382, 387]",BIKE,3740,19.375764,-99.181527
213,366 - Porfirio Díaz-Augusto Rodín,EXI,Extremadura Insurgentes,366,366 PORFIRIO DÍAZ-AUGUSTO RODÍN,"[362, 367, 368]",BIKE,3740,19.378345,-99.181973
214,431 - Bruno Traven-Paz Montes De Oca,GPM,General Pedro Maria Anaya,431,431 BRUNO TRAVEN-PAZ MONTES DE OCA,"[428, 429, 430]",BIKE,3340,19.36145,-99.15822
215,432 - Carrillo Pto-Golondrinas,GPM,General Pedro Maria Anaya,432,432 CARRILLO PUERTO-AV. MÉXICO-COYOACÁN,"[442, 443, 444]",BIKE,3340,19.361296,-99.162581
216,428 - Prolongación Uxmal-Av. Popocatepetl (Eje 8),GPM,General Pedro Maria Anaya,428,428 PROLONGACIÓN UXMAL-AV. POPOCATEPETL (EJE 8),"[427, 430, 431]",BIKE,3340,19.363418,-99.160353
217,444 - General Manuel Rincón-Agustín Gutierrez,GPM,General Pedro Maria Anaya,444,444 GENERAL MANUEL RINCÓN-AGUSTÍN GUTIERREZ,"[431, 432, 443]",BIKE,3340,19.359384,-99.159425
218,445 - Riff-Avenida Rio Churubusco,GPM,General Pedro Maria Anaya,445,445 RIFF-AVENIDA RIO CHURUBUSCO,"[431, 444, 446]",BIKE,3340,19.35827,-99.156105
219,446 - Riff-Avenida Rio Churubusco,GPM,General Pedro Maria Anaya,446,446 RIFF-AVENIDA RIO CHURUBUSCO,"[431, 444, 445]","BIKE,TPV",3340,19.3591196,-99.1561282
220,244 - Miguel de Cervantes Saavedra-Lago Victoria,GRA,Granada,244,244 MIGUEL DE CERVANTES SAAVEDRA-LAGO VICTORIA ,"[196, 243, 245]",BIKE,11510,19.440885,-99.193315
221,245 - Lago Onega-Av. Ejército Nacional,GRA,Granada,245,245 LAGO ONEGA-AV. EJERCITO NACIONAL ,"[196, 200, 201]",BIKE,11510,19.438165,-99.190368
222,242 - Miguel de Cervantes Saavedra-Pról. Moliere,GRA,Granada,242,242 MIGUEL DE CERVANTES SAAVEDRA-PROL MOLIERE ,"[198, 199, 243]",BIKE,11510,19.440344,-99.20105
223,177 - BENJAMIN HILL-CARLOS ZETINA,H-C,Hipódromo Condesa,177,177 BENJAMIN HILL-CARLOS ZETINA,"[176, 178, 190]",BIKE,,19.408841,-99.181692
224,178 - Tamaulipas-Francisco Murguía,H-C,Hipódromo Condesa,178,178 TAMAULIPAS-FRANCISCO MURGUÍA,"[166, 167, 177]","BIKE,TPV",,19.406833,-99.180457
225,073 - Campeche - Tamaulipas,H-C,Hipódromo Condesa,73,73 CAMPECHE-TAMAULIPAS,"[67, 68, 75]",BIKE,06170,19.410245,-99.175612
226,075 - Alfonso Reyes - Atlixco,H-C,Hipódromo Condesa,75,75 ALFONSO REYES-ATLIXCO,"[73, 77, 78]",BIKE,06170,19.408722,-99.17669
227,076 - Amsterdam - Chilpancingo,HIP,Hipódromo,76,76 AMSTERDAM-CHILPANCINGO,"[70, 71, 74]",BIKE,06100,19.409439,-99.170462
228,077 - Choapan - Tamaulipas,HIP,Hipódromo,77,77 CHOAPAN-TAMAULIPAS,"[78, 82]",BIKE,06100,19.406765,-99.178321
229,078 - Benjamín Hill - Tamaulipas,HIP,Hipódromo,78,78 BENJAMIN HILL-TAMAULIPAS,"[77, 82]","BIKE,TPV",06170,19.407503,-99.177382
230,079 - Saltillo - Alfonso Reyes,HIP,Hipódromo,79,79 SALTILLO-ALFONSO REYES,"[75, 80, 83]",BIKE,06100,19.407534,-99.174427
231,080 - Nuevo León - Aguascalientes,HIP,Hipódromo,80,80 NUEVO LEON-AGUASCALIENTES,"[79, 83, 84]",BIKE,06100,19.407307,-99.172118
232,081 - Aguascalientes - Insurgentes,HIP,Hipódromo,81,81 AGUASCALIENTES-INSURGENTES,"[76, 84]",BIKE,06100,19.408006,-99.168475
233,061 - Avenida México - Sonora,HIP,Hipódromo,61,61 AVENIDA MEXICO-SONORA,"[59, 63, 64, 70]","BIKE,TPV",06100,19.413742,-99.169525
234,069 - Michoacán - Amsterdam,HIP,Hipódromo,69,69 MICHOACAN-AMSTERDAM,"[70, 76, 77]",BIKE,06100,19.410733,-99.168111
235,059 - Popocatépetl - Amsterdam,HIP,Hipódromo,59,59 POPOCATEPETL-AMSTERDAM,"[55, 56, 61, 64]",BIKE,06100,19.415121,-99.166661
236,083 - Nuevo León - Alfonso Reyes,HIP,Hipódromo,83,83 NUEVO LEON-ALFONSO REYES,"[79, 80]","BIKE,TPV",06100,19.406296,-99.172117
237,084 - Chilpancingo - Tlaxcala,HIP,Hipódromo,84,84 CHILPANCINGO-TLAXCALA,"[81, 83]",BIKE,06100,19.40702,-99.169587
238,071 - Amsterdam - Michoacan,HIP,Hipódromo,71,71 AMSTERDAM-MICHOACAN,"[70, 74, 76]",BIKE,06100,19.411423,-99.171351
239,064 - Sonora - Amsterdam,HIP,Hipódromo,64,64 SONORA-AMSTERDAM,"[59, 61, 69]",BIKE,06100,19.412877,-99.166986
240,179 - Nuevo León-Quintana Roo,HIP,Hipódromo,179,179 NUEVO LEÓN-QUINTANA ROO,"[154, 180, 182]",BIKE,,19.404452,-99.171438
241,180 - Quintana Roo-Villa Hermosa,HIP,Hipódromo,180,180 QUINTANA ROO-VILLA HERMOSA,"[154, 179, 182]",BIKE,,19.404554,-99.169953
242,182 - PROGRESO-ASTRONOMOS,HIP,Hipódromo,182,182 PROGRESO-ASTRONOMOS,"[175, 179]","BIKE,TPV",,19.402089,-99.17139
243,417 - Goya-Augusto Rodín,INM,Insurgentes Mixcoac,417,417 GOYA-AUGUSTO RODÍN,"[384, 385, 386]","BIKE,TPV",3920,19.373262,-99.184333
244,418 - Galicia-Actipan,INM,Insurgentes Mixcoac,418,418 GALICIA-ACTIPAN,"[388, 417, 419]",BIKE,3920,19.371152,-99.183034
245,419 - Actipan-Cadiz,INM,Insurgentes Mixcoac,419,419 ACTIPAN-CADIZ,"[418, 420, 421]",BIKE,3920,19.370606,-99.181502
246,384 - Empresa-Poussin,INM,Insurgentes Mixcoac,384,384 EMPRESA-POUSSIN,"[385, 386, 417]",BIKE,3920,19.375873,-99.185583
247,385 - Poussin-Empresa,INM,Insurgentes Mixcoac,385,385 POUSSIN-EMPRESA,"[384, 386, 417]","BIKE,TPV",3920,19.375651,-99.18558
248,386 - Poussin-Donatello,INM,Insurgentes Mixcoac,386,386 POUSSIN-DONATELLO,"[384, 385, 417]",BIKE,3920,19.37484,-99.185846
249,387 - Cadiz-Empresa,INM,Insurgentes Mixcoac,387,387 CADIZ-EMPRESA,"[381, 382, 383]",BIKE,3920,19.37455556,-99.1805055556
250,388 - Valencia-Malaga,INM,Insurgentes Mixcoac,388,388 VALENCIA-MALAGA,"[387, 389, 390]",BIKE,3920,19.373038,-99.181355
251,389 - Santander-Felix Cuevas,INM,Insurgentes Mixcoac,389,389 SANTANDER-FELIX CUEVAS,"[388, 390, 391]",BIKE,3920,19.373528,-99.179356
252,355 - California-Sacramento,ISB,Insurgentes San Borja,355,355 CALIFORNIA-SACRAMENTO,"[345, 361]",BIKE,3100,19.38205,-99.173291
253,345 - Miraflores-Patricio Sanz,ISB,Insurgentes San Borja,345,345 MIRAFLORES-PATRICIO SANZ,"[334, 335, 346]",BIKE,3100,19.384498,-99.172223
254,346 - San Francisco-Santa Margarita,ISB,Insurgentes San Borja,346,346 SAN FRANCISCO-SANTA MARGARITA,"[334, 335, 345]",BIKE,3100,19.385019,-99.174077
255,113 - General Prim-Versalles,JUA,Juárez,113,113 GENERAL PRIM-VERSALLES,"[114, 116, 119]",BIKE,06500,19.430369,-99.154419
256,114 - Lucerna-Abraham González,JUA,Juárez,114,114 LUCERNA-ABRAHAM GONZALEZ ,"[113, 116, 119]",BIKE,06500,19.428989,-99.153618
257,115 - Roma-Dinamarca,JUA,Juárez,115,115 ROMA-DINAMARCA ,"[116, 117, 118]",BIKE,06500,19.429947,-99.159698
258,116 - Londres-Roma,JUA,Juárez,116,116 LONDRES-ROMA,"[115, 118, 199]",BIKE,06500,19.428985,-99.15664
259,117 - Londres-Napoles,JUA,Juárez,117,117 LONDRES-NAPOLES ,"[116, 118, 120]",BIKE,06500,19.427132,-99.160369
260,118 - Liverpool-Dinamarca,JUA,Juárez,118,118 LIVERPOOL-DINAMARCA,"[116, 117, 120]",BIKE,06500,19.427114,-99.158251
261,119 - Turín-Abraham González,JUA,Juárez,119,119 TURÍN-ABRAHAM GONZÁLEZ,"[114, 118, 125]",BIKE,,19.42679,-99.15554
262,120 - Marsella-Nápoles,JUA,Juárez,120,120 MARSELLA-NAPOLES,"[117, 118, 121]",BIKE,06500,19.425437,-99.159458
263,121 - Niza-Chapultepec,JUA,Juárez,121,121 NIZA-CHAPULTEPEC,"[117, 120, 128]",BIKE,06500,19.424137,-99.161317
264,030 - Hamburgo - Genova,JUA,Juárez,30,30 HAMBURGO-GENOVA,"[26, 34, 35]","BIKE,TPV",06500,19.426442,-99.164323
265,031 - Hamburgo - Insurgentes,JUA,Juárez,31,31 HAMBURGO-INSURGENTES,"[19, 27, 30]",BIKE,06500,19.427838,-99.161193
266,032 - Londres - Sevilla,JUA,Juárez,32,32 LONDRES-SEVILLA,"[22, 38, 39]",BIKE,06500,19.422705,-99.169922
267,033 - Londres - Florencia,JUA,Juárez,33,33 LONDRES-FLORENCIA,"[29, 39, 40]",BIKE,06500,19.424234,-99.166431
268,034 - Liverpool - Genova,JUA,Juárez,34,34 LIVERPOOL-GENOVA,"[30, 33, 35]",BIKE,05600,19.424539,-99.163503
269,035 - Liverpool - Genova,JUA,Juárez,35,35 LIVERPOOL-GENOVA,"[30, 34, 40]","BIKE,TPV",06500,19.424572,-99.163123
270,022 - Reforma - Manchester,JUA,Juárez,22,22 REFORMA-MANCHESTER,"[14, 15, 23, 28]","BIKE,TPV",06500,19.424375,-99.172575
271,023 - Reforma - Praga,JUA,Juárez,23,23 REFORMA-PRAGA,"[15, 16, 22]",BIKE,06500,19.425483,-99.170414
272,024 - Reforma- Varsovia,JUA,Juárez,24,24 REFORMA-VARSOVIA,"[16, 23]","BIKE,TPV",06500,19.426102,-99.168992
273,025 - Reforma - Estocolmo,JUA,Juárez,25,25 REFORMA-ESTOCOLMO,"[17, 18]",BIKE,06500,19.426944,-99.166946
274,026 - Reforma - Versalles,JUA,Juárez,26,26 REFORMA-VERSALLES,[10],"BIKE,TPV",06500,19.432685,-99.154726
275,027 - Reforma- Havre,JUA,Juárez,27,27 REFORMA-HAVRE,"[19, 26, 31]","BIKE,TPV",06500,19.429115,-99.162614
276,028 - Toledo- Tokio,JUA,Juárez,28,28 TOLEDO-TOKIO,"[14, 21, 22]",BIKE,06500,19.423542,-99.172494
277,375 - Tenayuca-División Del Norte,LEV,Letran Valle,375,375 TENAYUCA-DIVISIÓN DEL NORTE,"[359, 374, 376]",BIKE,3650,19.376865,-99.158818
278,376 - Pitágoras-Av. Universidad,LEV,Letran Valle,376,376 PITÁGORAS-AV. UNIVERSIDAD,"[374, 375, 377]",BIKE,3650,19.375442,-99.161595
279,404 - Miguel Laurent-Avenida División Del Norte,LEV,Letran Valle,404,404 MIGUEL LAURENT-AVENIDA DIVISIÓN DEL NORTE,"[402, 403, 405]",BIKE,3650,19.373813,-99.157387
280,333 - Georgia -Carolina,NAP,Nápoles,333,333 GEORGIA -CAROLINA,"[330, 332, 349]",BIKE,3810,19.387624,-99.180978
281,289 - Chicago-Yosemite,NAP,Nápoles,289,289 CHICAGO-YOSEMITE,"[284, 290, 304]",BIKE,3810,19.397308,-99.174548
282,290 - Yosemite-Colorado,NAP,Nápoles,290,290 YOSEMITE-COLORADO,"[284, 289, 303]",BIKE,3810,19.396333,-99.172667
283,284 - Dakota-Vermont,NAP,Nápoles,284,284 DAKOTA-VERMONT,"[289, 290, 291]",BIKE,3810,19.397693,-99.172981
284,303 - Montesito-Av. Insurgentes,NAP,Nápoles,303,303 MONTESITO-AV. INSURGENTES,"[301, 302, 304]","BIKE,TPV",3810,19.394842,-99.173025
285,304 - Montesito-Dakota,NAP,Nápoles,304,304 MONTESITO-DAKOTA,"[290, 303, 305]",BIKE,3810,19.395043,-99.173821
286,314 - Nuerva York-Louisiana,NAP,Nápoles,314,314 NUERVA YORK-LOUISIANA,"[307, 313, 327]",BIKE,3810,19.391647,-99.177331
287,315 - Alabama-Montana,NAP,Nápoles,315,315 ALABAMA-MONTANA,"[301, 302, 316]",BIKE,3810,19.391472,-99.1736
288,309 - Pennsylvania-Arizona,NAP,Nápoles,309,309 PENNSYLVANIA-ARIZONA,"[308, 310, 313]",BIKE,3810,19.393162,-99.17956
289,306 - Dakota-Filadelfia,NAP,Nápoles,306,306 DAKOTA-FILADELFIA,"[305, 307, 308]","BIKE,TPV",3810,19.393699,-99.175664
290,307 - Minesota-Dakota,NAP,Nápoles,307,307 MINESOTA-DAKOTA,"[305, 306, 308]",BIKE,3810,19.393701,-99.175834
291,327 - Georgia -Pennsylvania,NAP,Nápoles,327,327 GEORGIA -PENNSYLVANIA,"[313, 314, 326]",BIKE,3810,19.38885,-99.17772
292,320 - Enrique Rébsamen-Luz Saviñon,NAR,Narvarte Poniente,320,320 ENRIQUE RÉBSAMEN-LUZ SAVIÑON,"[296, 297, 319]",BIKE,3020,19.391323,-99.15936
293,294 - Nicolás San Juan-Eje 4 Sur Xola,NAR,Narvarte Poniente,294,294 NICOLÁS SAN JUAN-EJE 4 SUR XOLA,"[282, 295, 298]",BIKE,3020,19.396513,-99.160924
294,295 - Anaxágoras-Eje 4 Sur Xola,NAR,Narvarte Poniente,295,295 ANAXÁGORAS-EJE 4 SUR XOLA,"[281, 296, 297]","BIKE,TPV",3020,19.396328,-99.156871
295,296 - Diagonal San Antonio-Enrique Rébsamen,NAR,Narvarte Poniente,296,296 DIAGONAL SAN ANTONIO-ENRIQUE RÉBSAMEN,"[295, 297, 320]",BIKE,3020,19.394283,-99.158756
296,297 - Diagonal San Antonio-Enrique Rébsamen,NAR,Narvarte Poniente,297,297 DIAGONAL SAN ANTONIO-ENRIQUE RÉBSAMEN,"[295, 296, 320]",BIKE,3020,19.394412,-99.158907
297,280 - Anaxágoras-Obrero Mundial,NAR,Narvarte Poniente,280,280 ANAXÁGORAS-OBRERO MUNDIAL,"[276, 277, 281]","BIKE,TPV",3020,19.4015,-99.156406
298,281 - Pitágoras-La Morena,NAR,Narvarte Poniente,281,281 PITÁGORAS-LA MORENA,"[276, 280, 295]",BIKE,3020,19.398532,-99.157308
299,276 - Anaxágoras-Obrero Mundial,NAR,Narvarte Poniente,276,276 ANAXÁGORAS-OBRERO MUNDIAL,"[277, 280, 281]",BIKE,3020,19.401986,-99.156366
300,339 - Enrique Rébsamen-Avenida Eugenia,NAR,Narvarte Poniente,339,339 ENRIQUE RÉBSAMEN-AVENIDA EUGENIA,"[322, 340, 343]",BIKE,3020,19.386032,-99.160548
301,340 - Anaxágoras-Avenida Eugenia,NAR,Narvarte Poniente,340,340 ANAXÁGORAS-AVENIDA EUGENIA,"[339, 341, 343]","BIKE,TPV",3020,19.385571,-99.158188
302,341 - San Borja-Avenida Cuauhtemoc,NAR,Narvarte Poniente,341,341 SAN BORJA-AVENIDA CUAUHTEMOC,"[340, 343, 364]",BIKE,3020,19.382851,-99.158204
303,342 - Anaxágoras-Angel Urraza Eje 6 Sur,NAR,Narvarte Poniente,342,342 ANAXÁGORAS-ANGEL URRAZA EJE 6 SUR,"[341, 344, 359]",BIKE,3020,19.381076,-99.159455
304,367 - Boston -Augusto Rodín,NBU,Noche Buena,367,367 BOSTON -AUGUSTO RODÍN,"[362, 363, 366]",BIKE,3720,19.37946,-99.181632
305,354 - Boston-Av. Insurgentes,NBU,Noche Buena,354,354 BOSTON-AV. INSURGENTES,"[353, 361, 369]",BIKE,3720,19.381665,-99.176685
306,233 - Julio Verne-Luis G. Urbina,POL,Polanco,233,233 JULIO VERNE-LUIS G. URBINA ,"[222, 230, 231]","BIKE,TPV",11510,19.429314,-99.196965
307,239 - Rincon del Bosque-Ruben Dario,POL,Polanco,239,239 RINCON DEL BOSQUE-RUBEN DARÍO ,"[226, 247, 250]",BIKE,11510,19.430153,-99.181355
308,204- Ejercito Nacional-F.C. de Cuernavaca,POL,Polanco,240,240 EJERCITO NACIONAL-F.C. DE CUERNAVACA ,"[198, 241]","BIKE,TPV",,19.43855,-99.2063
309,241 - Ejercito Nacional-Juan Vazquez de la Mella,POL,Polanco,241,241 EJERCITO NAL-JUAN VAZQUEZ DE LA MELLA ,"[198, 240]",BIKE,,19.43862,-99.20758
310,235 - Campos Eliseos-Moliere,POL,Polanco,235,235 CAMPOS ELISEOS-MOLIERE ,"[229, 230, 236]",BIKE,,19.42933,-99.20218
311,236 - Campos Eliseos-Moliere,POL,Polanco,236,236 CAMPOS ELISEOS-MOLIERE ,"[229, 230, 235]",BIKE,,19.42944,-99.20243
312,196 - Lago Tanganica- Av. Ejército Nacional,POL,Polanco,196,196 LAGO TANGANICA-AV. EJERCITO NACIONAL,"[204, 244, 245]",BIKE,11510,19.438349,-99.192904
313,228 - Campos Elíseos-Jean de La fontaine,POL,Polanco,228,228 CAMPOS ELÍSEOS-JEAN DE LA FONTAINE,"[230, 233, 235]","BIKE,TPV",11510,19.427705,-99.19912
314,229 - Dickens-Seneca,POL,Polanco,229,229 DICKENS-SENECA,"[221, 235, 236]",BIKE,11510,19.430515,-99.203331
315,230 - Edgar Alan Poe-Dickens,POL,Polanco,230,230 EDGAR ALAN POE-DICKENS,"[221, 235, 236]",BIKE,11510,19.430098,-99.200074
316,231 - Newton-Aristoteles,POL,Polanco,231,231 NEWTON-ARISTOTELES ,"[222, 223, 234]",BIKE,11510,19.42977,-99.19349
317,198 - Sócrates-Ejercito Nacional,POL,Polanco,198,198 SÓCRATES-EJERCITO NACIONAL ,"[240, 241]","BIKE,TPV",,19.438168,-99.203888
318,199 - Anatole France-Av. Ejército Nacional,POL,Polanco,199,199 ANATOLE FRANCE-AV. EJERCITO NACIONAL,"[196, 202, 203]",BIKE,11510,19.437934,-99.197241
319,200 - Emerson-Av. Ejército Nacional,POL,Polanco,200,200 EMERSON-AV. EJERCITO NACIONAL,"[201, 204, 245]",BIKE,11510,19.437596,-99.188785
320,201 - Lope de Vega-Ejército Nacional,POL,Polanco,201,201 LOPE DE VEGA-EJERCITO NACIONAL ,"[200, 205, 245]",BIKE,11510,19.437431,-99.187215
321,202 - Calderón de la Barca-Av. Homero,POL,Polanco,202,202 CALDERON DE LA BARCA-AV. HOMERO,"[199, 206, 215]",BIKE,11510,19.43617,-99.198943
322,203 - Tennyson-Av. Homero,POL,Polanco,203,203 TENNYSON-AV. HOMERO,"[196, 204, 210]",BIKE,11510,19.435985,-99.194832
323,205 - Taine-Homero,POL,Polanco,205,205 TAINE-HOMERO,"[201, 207, 217]",BIKE,11510,19.435525,-99.184713
324,206 - Moliere-Homero,POL,Polanco,206,206 MOLIERE-HOMERO ,"[202, 214, 215]","BIKE,TPV",,19.435798,-99.201419
325,207 - Tasso-Homero,POL,Polanco,207,207 TASSO-HOMERO ,"[205, 217, 226]",BIKE,11510,19.434861,-99.183322
326,208 - Hesiodo-Lamartine,POL,Polanco,208,208 HESIODO-LAMARTINE ,"[211, 212, 218]",BIKE,11510,19.434182,-99.189835
327,209 - Solón-Horacio,POL,Polanco,209,209 SOLON-HORACIO ,"[213, 214, 219]",BIKE,11510,19.435478,-99.206359
328,210 Eugenio Sue-Horacio,POL,Polanco,210,210 EUGENIO SUE-HORACIO ,"[203, 204, 216]",BIKE,,19.434076,-99.194091
329,211 - Newton-Horacio,POL,Polanco,211,211 NEWTON-HORACIO,"[208, 212, 218]",BIKE,11510,19.433607,-99.188528
330,212 - Hegel-Horacio,POL,Polanco,212,212 HEGEL-HORACIO ,"[211, 218, 224]","BIKE,TPV",11510,19.433567,-99.188096
331,213 - Horacio-FC Cuernavaca,POL,Polanco,213,213 HORACIO-FC CUERNAVACA,"[209, 214, 219]",BIKE,11510,19.435197,-99.206967
332,214 - Platón-Horacio,POL,Polanco,214,214 PLATÓN-HORACIO,"[206, 209, 215]",BIKE,,19.434353,-99.20322
333,215 - Edgar Alan Poe-Horacio,POL,Polanco,215,215 EDGAR ALAN POE-HORACIO,"[206, 214, 221]",BIKE,11510,19.43384,-99.19968
334,216 - Alejandro Dumas-Horacio,POL,Polanco,216,216 ALEJANDRO DUMAS-HORACIO ,"[210, 222]","BIKE,TPV",11510,19.433419,-99.195746
335,217 - Euler-Horacio,POL,Polanco,217,217 EULER-AV. HORACIO ,"[207, 225, 226]","BIKE,TPV",11510,19.432888,-99.183605
336,218 - Hegel-Ibarbourou,POL,Polanco,218,218 HEGEL-IBARBOUROU ,"[211, 212, 224]",BIKE,11510,19.432451,-99.188033
337,219 - Esopo-FC de Cuernavaca,POL,Polanco,219,219 ESOPO-FC DE CUERNAVACA,"[213, 220, 227]",BIKE,11510,19.433542,-99.207808
338,220 - Plino-Presidente Masaryk,POL,Polanco,220,220 PLINIO-PRESIDENTE MASARYK ,"[213, 219, 227]",BIKE,11510,19.432655,-99.205727
339,221 - Emilio Castelar-Presidente Masaryk,POL,Polanco,221,221 EMILIO CASTELAR-PRESIDENTE MASARYK ,"[215, 230, 231]","BIKE,TPV",11510,19.431799,-99.201565
340,222 - Alejandro Dumas-Presidente Masarik,POL,Polanco,222,222 ALEJANDRO DUMAS-PRESIDENTE MASARYK,"[216, 231, 233]",BIKE,11510,19.431417,-99.195774
341,223 - Newton-Presidente Masarik,POL,Polanco,223,223 NEWTON-PRESIDENTE MASARYK ,"[222, 224, 231]","BIKE,TPV",,19.431242,-99.191613
342,224 - Hegel-Presidente Masaryk,POL,Polanco,224,224 HEGEL-PRESIDENTE MASARYK,"[212, 218, 225]",BIKE,11510,19.431255,-99.188065
343,225 - Petrarca-Presidente Masaryk,POL,Polanco,225,225 PETRARCA-PRESIDENTE MASARYK,"[224, 226, 232]",BIKE,11510,19.431172,-99.185612
344,226 - Wallon-Presidente Masaryk,POL,Polanco,226,226 WALLON-PRESIDENTE MASARYK,"[217, 239, 247]",BIKE,11511,19.431033,-99.18222
345,405 - División Del Norte-Municipio Libre,PON,Portales Norte,405,405 DIVISIÓN DEL NORTE-MUNICIPIO LIBRE,"[402, 403, 404]",BIKE,3303,19.370619,-99.156626
346,407 - Prolongación Xochicalco-General Emiliano Zapat,REE,Residencial Emperadores,407,407 PROL. XOCHICALCO-GENERAL EMILIANO ZAPATA,"[406, 408, 410]",BIKE,3320,19.367294,-99.158694
347,408 - Prolongación Petén-General Emiliano Zapata,REE,Residencial Emperadores,408,408 PROLONGACIÓN PETÉN-GENERAL EMILIANO ZAPATA,"[407, 409, 410]",BIKE,3320,19.36677,-99.156843
348,037 - Guadalajara - Puebla,R-N,Roma Norte,37,37 GUADALAJARA-PUEBLA,"[28, 38, 45]",BIKE,06700,19.420419,-99.172676
349,038 - Cozumel - PUEBLA,R-N,Roma Norte,38,38 COZUMEL-PUEBLA,"[28, 32, 37]",BIKE,06700,19.420801,-99.171407
350,039 - Medellin - Chapultepec,R-N,Roma Norte,39,39 MEDELLIN-CHAPULTEPEC,"[33, 42, 48]",BIKE,06700,19.422484,-99.167153
351,040 - Oaxaca - Puebla,R-N,Roma Norte,40,40 OAXACA-PUEBLA,"[35, 42]",BIKE,06700,19.42223,-99.164297
352,056 - Alvaro Obregón - Medellin,R-N,Roma Norte,56,56 ALVARO OBREGON-MEDELLIN,"[47, 51, 55, 59]",BIKE,06700,19.416959,-99.165702
353,042 - Sinaloa - Valladolid,R-N,Roma Norte,42,42 SINALOA-VALLADOLID,"[39, 47, 48, 51]",BIKE,06700,19.420472,-99.168238
354,051 - Colima - Oaxaca,R-N,Roma Norte,51,51 COLIMA-OAXACA,"[46, 47, 55, 58]",BIKE,06700,19.417995,-99.168248
355,044 - Durango - Veracruz,R-N,Roma Norte,44,44 DURANGO-VERACRUZ,"[36, 41, 49, 50]",BIKE,06140,19.418057,-99.174761
356,045 - Durango - Sonora,R-N,Roma Norte,45,45 DURANGO-SONORA,"[37, 38, 41, 46]","BIKE,TPV",06700,19.418649,-99.172127
357,046 - Durango - Salamanca,R-N,Roma Norte,46,46 DURANGO-SALAMANCA,"[42, 45, 51, 54]",BIKE,06700,19.419214,-99.169732
358,125 - Morelia-Circular de Morelia,R-N,Roma Norte,125,125 MORELIA-CIRCULAR DE MORELIA,"[119, 123, 127]",BIKE,06500,19.424541,-99.156204
359,126 - Jalapa-Puebla,R-N,Roma Norte,126,126 JALAPA-PUEBLA,"[121, 128, 129]",BIKE,,19.422288,-99.162138
360,127 -  Puebla-Merida,R-N,Roma Norte,127,127 PUEBLA-MERIDA,"[125, 128, 130]",BIKE,,19.423318,-99.15833
361,128 - Orizaba-Río de Janeiro,R-N,Roma Norte,128,128 ORIZABA-RIO DE JANEIRO,"[121, 126, 127]","BIKE,TPV",06500,19.422148,-99.160645
362,129 - Tonalá-Durango,R-N,Roma Norte,129,129 TONALÁ-DURANGO,"[126, 128, 131]",BIKE,,19.4206,-99.163312
363,130 - Mérida-Durango,R-N,Roma Norte,130,130 MÉRIDA-DURANGO,"[127, 132, 133]",BIKE,,19.421576,-99.158015
364,131 - Colima-Jalapa,R-N,Roma Norte,131,131 COLIMA-JALAPA,"[129, 134]",BIKE,,19.419579,-99.161314
365,132 - Colima-Frontera,R-N,Roma Norte,132,132 COLIMA-FRONTERA,"[130, 133, 135]",BIKE,,19.420667,-99.15645
366,133 - Colima-Morelia,R-N,Roma Norte,133,133 COLIMA-MORELIA,"[130, 132, 135]",BIKE,,19.421138,-99.154725
367,134 - Álvaro Obregón-Orizaba,R-N,Roma Norte,134,134 ÁLVARO OBREGÓN-ORIZABA,"[131, 136, 137]","BIKE,TPV",,19.418304,-99.15956
368,135 - Álvaro Obregón-Morelia,R-N,Roma Norte,135,135 ÁLVARO OBREGÓN-MORELIA,"[132, 133, 137]","BIKE,TPV",,19.419225,-99.155099
369,136 - Tonalá-Álvaro Obregón,R-N,Roma Norte,136,136 ÁLVARO OBREGÓN-TONALÁ,[136],"BIKE,TPV",,19.417715,-99.162729
370,137 - Álvaro Obregón-Mérida,R-N,Roma Norte,137,137 ÁLVARO OBREGÓN-MÉRIDA,"[132, 135, 138]",BIKE,,19.418774,-99.157081
371,138 - Guanajuato-Frontera,R-N,Roma Norte,138,138 GUANAJUATO-FRONTERA,"[135, 140, 144]",BIKE,,19.417702,-99.155313
372,139 - Tonalá-Guanajuato,R-N,Roma Norte,139,139 TONALÁ-GUANJUATO,"[134, 136, 141]",BIKE,,19.416128,-99.162097
373,140 - Mérida-Zacatecas,R-N,Roma Norte,140,140 MÉRIDA-ZACATECAS,"[138, 141, 144]",BIKE,,19.416605,-99.156853
374,141 - Zacatecas-Luis Cabrera,R-N,Roma Norte,141,141 ZACATECAS-LUIS CABRERA,"[139, 140, 143]","BIKE,TPV",,19.415905,-99.15954
375,142 - San Luis Potosí-Eje 2 Pte. Monterrey,R-N,Roma Norte,142,142 SAN LUIS POTOSI-EJE 2 PTE. MONTERREY,"[139, 145, 146]",BIKE,,19.413232,-99.164121
376,143 - Córdoba-San Luis Potosí,R-N,Roma Norte,143,143 CÓRDOBA-SAN LUIS POTOSÍ,"[141, 144, 147]",BIKE,,19.414303,-99.157542
377,144 - Frontera-San Luis Potosí,R-N,Roma Norte,144,144 FRONTERA-SAN LUIS POTOSÍ,"[140, 143, 148]",BIKE,,19.415192,-99.154837
378,145 - Eje 2 Sur Yucatán-Chiapas,R-N,Roma Norte,145,145 EJE 2 SUR YUCATÁN-CHIAPAS,"[142, 147, 151]",BIKE,,19.41286,-99.160661
379,146 - Coahuila-Manzanillo,R-N,Roma Norte,146,146 COAHUILA-MANZANILLO,"[150, 152, 153]",BIKE,,19.410737,-99.165716
380,147 - Coahuila-Orizaba,R-N,Roma Norte,147,147 COAHUILA-ORIZABA,"[145, 149, 151]",BIKE,,19.412182,-99.158443
381,148 - Coahuila-Av. Cuauhtémoc,R-N,Roma Norte,148,148 COAHUILA-AV.CUAUHTEMOC,"[143, 147, 149]",BIKE,,19.412829,-99.155116
382,149 - Mérida-Antonio Anza,R-N,Roma Norte,149,149 MÉRIDA-ANTONIO ANZA,"[143, 147, 148]",BIKE,,19.41199,-99.155699
383,151 - Campeche-Tonalá,ROM,Roma Sur,151,151 CAMPECHE-TONALÁ,"[145, 147, 155]",BIKE,,19.410529,-99.160873
384,152 - Tlacotalpan-Campecha,ROM,Roma Sur,152,152 TLACOTALPAN-CAMPECHE,"[146, 150, 157]","BIKE,TPV",,19.409098,-99.167181
385,153 - Manzanillo-Tlaxcala,ROM,Roma Sur,153,153 MANZANILLO-TLAXCALA,"[154, 157, 161]",BIKE,,19.407468,-99.165141
386,155 - Jalapa-Tlaxcala,ROM,Roma Sur,155,155 JALAPA-TLAXCALA,"[151, 156, 158]",BIKE,,19.408218,-99.159911
387,156 - Tepic-Amenalco,ROM,Roma Sur,156,156 TEPIC-AMENALCO,"[153, 155, 162]",BIKE,,19.407121,-99.162202
388,157 - Tepic-Tlacotalpan,ROM,Roma Sur,157,157 TEPIC-TLACOTALPAN,"[153, 154, 161]",BIKE,,19.406236,-99.166616
389,158 - Huatabampo- Eje 1 Pte. Av. Cuauhtémoc,ROM,Roma Sur,158,158 HUATABAMPO-EJE 1PTE. CUAUHTÉMOC,"[155, 159, 163]","BIKE,TPV",,19.407447,-99.155717
390,159 - Huatabampo-Eje 1 Pte. Av. Cuauhtémoc,ROM,Roma Sur,159,159 HUATABAMPO-EJE 1 PTE. AV. CUAUHTÉMOC,"[155, 158, 163]",BIKE,,19.407517,-99.155373
391,161 - Quintana Roo-Manzanillo,ROM,Roma Sur,161,161 QUINTANA ROO-MANZANILLO,"[153, 157, 162]",BIKE,,19.405533,-99.164913
392,162 - Tehuantepec-Medellín,ROM,Roma Sur,162,162 TEHUANTEPEC-MEDELLÍN,"[156, 161, 165]",BIKE,,19.404907,-99.162485
393,163 - Toluca-Bajío,ROM,Roma Sur,163,163 TOLUCA-BAJÍO,"[158, 159, 165]",BIKE,,19.405246,-99.156431
394,164 - Bajío-Tlacotalpan,ROM,Roma Sur,164,164 BAJÍO-TLACOTALPAN,"[157, 161, 162]",BIKE,,19.403204,-99.16596
395,165 - Bajío-Eje 2 Pte. Monterrey,ROM,Roma Sur,165,165 BAJÍO-EJE 2 PTE. MONTERREY,"[156, 162, 163]",BIKE,,19.404268,-99.160503
396,409 - Azores-División Del Norte,SCA,Santa Cruz Atoyac,409,409 AZORES-DIVISIÓN DEL NORTE,"[408, 410, 430]",BIKE,3310,19.365102,-99.155499
397,410 - Prolongación Tajín-Prolongación Repúblicas,SCA,Santa Cruz Atoyac,410,410 PROLONGACIÓN TAJÍN-PROLONGACIÓN REPÚBLICAS,"[407, 408, 409]",BIKE,3310,19.36564,-99.158063
398,411 - Parroquia-Avenida México-Coyoacan,SCA,Santa Cruz Atoyac,411,411 PARROQUIA-AVENIDA MÉXICO-COYOACAN,"[412, 425, 427]",BIKE,3310,19.367864,-99.163626
399,412 - Parroquia-Avenida Universidad,SCA,Santa Cruz Atoyac,412,412 PARROQUIA-AVENIDA UNIVERSIDAD,"[411, 425, 426]","BIKE,TPV",3310,19.3684182,-99.1654145
400,406 - Parroquia Av. Mexico-Coyoacan,SCA,Santa Cruz Atoyac,406,406 PARROQUIA AV. MEXICO-COYOACAN,"[402, 407, 411]",BIKE,3310,19.367831,-99.163261
401,427 - Avenida México-Coyoacan-Av. Popocatepetl (Eje,SCA,Santa Cruz Atoyac,427,427 AVENIDA MÉXICO-COYOACAN-AV. POPOCATEPETL (EJE ,"[411, 412, 426]",BIKE,3310,19.365023,-99.162993
402,429 - Pirineos-Av. Popocatepetl (Eje 8),SCA,Santa Cruz Atoyac,429,429 PIRINEOS-AV. POPOCATEPETL (EJE 8),"[428, 430, 431]",BIKE,3310,19.363071,-99.158292
403,430 - Tripoli-Av. Popocatepetl (Eje 8),SCA,Santa Cruz Atoyac,430,430 TRIPOLI-AV. POPOCATEPETL (EJE 8),"[409, 429, 431]",BIKE,3310,19.362139,-99.154974
404,401 - San Lorenzo-Avenida Cuauhtemoc,SCA,Santa Cruz Atoyac,401,401 SAN LORENZO-AVENIDA CUAUHTEMOC,"[400, 402, 403]",BIKE,3310,19.372147,-99.16158
405,403 - Uxmal-Municipio Libre,SCA,Santa Cruz Atoyac,403,403 UXMAL-MUNICIPIO LIBRE,"[401, 402, 405]",BIKE,3310,19.371371,-99.158639
406,184 - General Gómez Pedraza-Gobernador Tiburcio Montiel,SMC,San Miguel Chapultepec ,184,184 GRAL GÓMEZ PEDRAZA-GOBERNADOR TIBURCIO M,"[185, 186, 187]","BIKE,TPV",,19.41479,-99.18508
407,185 - General Antonio Léon-General Pedro Antonio de los Santos,SMC,San Miguel Chapultepec ,185,185 GRAL ANTONIO LÉON-GRAL PEDRO A DE LOS S.,"[176, 187, 190]",BIKE,,19.4128,-99.1828
408,186 - Gregorio V. Gelati-Francisco Molinos del C.,SMC,San Miguel Chapultepec ,186,186 GREGORIO V GELATI-FRANCISCO MOLINOS DEL C,"[187, 188, 189]",BIKE,,19.41249,-99.18875
409,187 - Genral Cano-Gobernador Gregorio V. Gelati,SMC,San Miguel Chapultepec ,187,187 GENERAL CANO-GOBERNADOR GREGORIO V GELATI,"[176, 189, 190]",BIKE,,19.41123,-99.18551
410,188 - Gobernador Melchor Múzquiz-Gobernador Ignacio Esteva,SMC,San Miguel Chapultepec ,188,188 GDOR MELCHOR MÚZQUIZ-GDOR IGNACIO ESTEVA ,"[186, 187, 189]","BIKE,TPV",,19.41171,-99.19014
411,189 - Gobernador Rafael Rebollar-Gobernador José Ceballos,SMC,San Miguel Chapultepec ,189,189 GDOR RAFAEL REBOLLAR-GDOR JOSÉ CEBALLOS,"[186, 187, 188]",BIKE,,19.41004,-99.18798
412,190 - Gobernador Ignacio Esteva-Maestro José Vasconcelos,SMC,San Miguel Chapultepec ,190,190 GDOR IGNACIO ESTEVA-MTRO JOSÉ VASCONCELOS,"[177, 187]",BIKE,,19.409569,-99.183833
413,191 - Gobernador Rafael Rebollar-Gobernador Vicente Eguia,SMC,San Miguel Chapultepec ,191,191 GDOR RAFAEL REBOLLAR-GDOR VICENTE EGUIA,"[176, 189, 190]",BIKE,,19.4079,-99.18795
414,352 - Tintoreto-Giorgine,SMN,Santa María Nonoalco,352,352 TINTORETO-GIORGINE,"[351, 364, 365]","BIKE,TPV",3700,19.384114,-99.185447
415,364 - Botichelli-Cda. De Giorgone,SMN,Santa María Nonoalco,364,364 BOTICHELLI-CDA. DE GIORGONE,"[351, 352, 365]",BIKE,3700,19.383063,-99.185858
416,365 - Holbein-Avenida Revolución,SMN,Santa María Nonoalco,365,365 HOLBEIN-AVENIDA REVOLUCIÓN,"[352, 363, 364]",BIKE,3700,19.381117,-99.186687
417,351 - Calle 27-Avenida Revolución,SPP,San Pedro de los Pinos,351,351 CALLE 27-AVENIDA REVOLUCIÓN,"[332, 352, 364]",BIKE,3800,19.385751,-99.186297
418,312 - Avenida 2-Calle 7,SPP,San Pedro de los Pinos,312,312 AVENIDA 2-CALLE 7,"[310, 311, 328]","BIKE,TPV",3800,19.392634,-99.183737
419,328 - Avenida 1-Calle 7,SPP,San Pedro de los Pinos,328,328 AVENIDA 1-CALLE 7,"[311, 312, 329]",BIKE,3800,19.392586,-99.184742
420,329 - Calle 13-Avenida 1,SPP,San Pedro de los Pinos,329,329 CALLE 13-AVENIDA 1,"[312, 328, 330]",BIKE,3800,19.390306,-99.184812
421,330 - Calle 15-Avenida Patriotismo,SPP,San Pedro de los Pinos,330,330 CALLE 15-AVENIDA PATRIOTISMO,"[329, 331, 332]",BIKE,3800,19.389358,-99.182606
422,331 - Avenida 2-Calle 17,SPP,San Pedro de los Pinos,331,331 AVENIDA 2-CALLE 17,"[329, 330, 332]",BIKE,3800,19.388547,-99.183971
423,332 - Sur De Calle 27-Avenida 3,SPP,San Pedro de los Pinos,332,332 SUR DE CALLE 27-AVENIDA 3,"[330, 331, 333]",BIKE,3800,19.385508,-99.183809
424,256 - Gómez Farías Sadi Carnot,S-R,San Rafael,256,256 GÓMEZ FARÍAS-SADI CARNOT ,"[254, 259]",BIKE,,19.4372,-99.15816
425,257 - Manuel Maria Contreras-Villalongin,S-R,San Rafael,257,257 MANUEL MARIA CONTRERAS-VILLALONGIN ,"[183, 255]",BIKE,,19.4338,-99.16622
426,254 - Alfonso Herrera-Miguel Shultz,S-R,San Rafael,254,254 ALFONSO HERRERA-MIGUEL SHULTZ ,"[160, 174, 256]",BIKE,,19.43935,-99.16007
427,263 - Sadi Carnot - Gómez Farias,S-R,San Rafael,263,263 SADI CARNOT-GÓMEZ FARIAS ,"[85, 86, 256]","BIKE,TPV",,19.436274,-99.158425
428,183 - Gabino Barrera-Guillermo Prieto,S-R,San Rafael,183,183 GABINO BARRERA-GUILLERMO PRIETO,"[160, 174, 255]",BIKE,,19.43767,-99.16402
429,160 - Alfonzo Herrera-Gabino Barrera,S-R,San Rafael,160,160 ALFONSO HERRERA-GABINO BARRERA,"[174, 183, 254]",BIKE,,19.44025,-99.16346
430,085 - Rosas Moreno - Sullivan,S-R,San Rafael,85,85 ROSAS MORENO-SULLIVAN,"[1, 3, 12]",BIKE,06470,19.43425,-99.162508
431,010 - Reforma - Ramírez,TAB,Tabacalera,10,10 REFORMA-RAMIREZ,[26],"BIKE,TPV",06500,19.433321,-99.154752
432,008 - Reforma - General Prim,TAB,Tabacalera,8,8 REFORMA-GENERAL PRIM,"[3, 20, 86]",BIKE,06500,19.431141,-99.158317
433,270 - De la Republica-Ponciano Arriaga,TAB,Tabacalera,270,270 DE LA REPUBLICA-PONCIANO ARRIAGA ,[270],"BIKE,TPV",,19.43676,-99.15387
434,392 - Patricio Sanz-Felix Cuevas,TLA,Tlacoquemecatl,392,392 PATRICIO SANZ-FELIX CUEVAS,"[380, 393, 394]",BIKE,3200,19.3730067,-99.1747749
435,393 - Adolfo Prieto-Felix Cuevas,TLA,Tlacoquemecatl,393,393 ADOLFO PRIETO-FELIX CUEVAS,"[380, 392, 394]","BIKE,TPV",3200,19.372796,-99.172558
436,370 - Tlacoquemecatl-Av. Insurgentes,TLA,Tlacoquemecatl,370,370 TLACOQUEMECATL-AV. INSURGENTES,"[361, 369, 371]",BIKE,3200,19.378818,-99.177054
437,371 - Tlacoquemecatl-Capulin,TLA,Tlacoquemecatl,371,371 TLACOQUEMECATL-CAPULIN,"[361, 369, 370]",BIKE,3200,19.378542,-99.174328
438,380 - Moras-San Lorenzo,TLA,Tlacoquemecatl,380,380 MORAS-SAN LORENZO,"[392, 393, 394]",BIKE,3200,19.374876,-99.173512
439,381 - San Lorenzo-Manzanas,TLA,Tlacoquemecatl,381,381 SAN LORENZO-MANZANAS,"[382, 387, 389]",BIKE,3200,19.375541,-99.177894
440,382 - San Lorenzo-Av. Insurgentes,TLA,Tlacoquemecatl,382,382 SAN LORENZO-AV. INSURGENTES,"[381, 387, 389]",BIKE, 3200 ,19.375591,-99.178084
441,426 - Cerrada De Popocatepetl-Av. Popocatepetl (Eje,XOC,Xoco,426,426 CERRADA DE POPOCATEPETL-AV. POPOCATEPETL (EJE ,"[411, 412, 425]",BIKE,3330,19.365519,-99.166017
442,441 - Puente Xoco-Real De Mayorazgo,XOC,Xoco,441,441 PUENTE XOCO-REAL DE MAYORAZGO,"[433, 440, 442]",BIKE,3330,19.361215,-99.167527
443,442 - Real De Mayorazgo-Avenida México-Coyoacan,XOC,Xoco,442,442 REAL DE MAYORAZGO-AVENIDA MÉXICO-COYOACAN,"[432, 443, 444]","BIKE,TPV",3330,19.359905,-99.1653
